,
&amp; Begumpet,&amp; Begumpet
A.BAD,A.BAD
A.G.College,A.G.College
A.G.Colony,A.G.Colony
A.G.gate,A.G.gate
A.Gunj,A.Gunj
A.MAISAMMA,A.MAISAMMA
A.PET,A.PET
A.PURI,A.PURI
A.R.PALLY,A.R.PALLY
AB.METTU,AB.METTU
ABDULLAPOOR METTU,ABDULLAPOOR METTU
Abids,Abids
ABIDS,ABIDS
Abids &amp; Koti,Abids &amp; Koti
ADDAGUTTA,ADDAGUTTA
ADIBATLA,ADIBATLA
Adibatla,Adibatla
ADRASPALLY,ADRASPALLY
Afalgunj,Afalgunj
AFG,AFG
Afz,Afz
AFZ,AFZ
AFZ.,AFZ.
Afzal,Afzal
"AFZAL
  GUNJ",AFZAL GUNJ
Afzalganj,Afzalganj
Afzalganj.,Afzalganj.
Afzalgunj,Afzalgunj
AFZALGUNJ,AFZALGUNJ
Afzalgunj / FMBS,Afzalgunj / FMBS
Afzulgunj.,Afzulgunj.
"AG
  OFF.",AG OFF.
AG COLONY,AG COLONY
Agapally,Agapally
AHIBILMUTT,AHIBILMUTT
AHMEDNAGAR,AHMEDNAGAR
AIR,AIR
Air Force Academy,Air Force Academy
AIRPORT,AIRPORT
AJILAPUR,AJILAPUR
Akanpally,Akanpally
AKULAMAILARAM,AKULAMAILARAM
AKULAMILARAM,AKULAMILARAM
ALAMASAGUDA,ALAMASAGUDA
ALIABAD,ALIABAD
Aliabad,Aliabad
ALINAGAR,ALINAGAR
Aliyabad,Aliyabad
ALIYABAD,ALIYABAD
Alkapuri,Alkapuri
Allind,Allind
"ALLWYN
  COLONY",ALLWYN COLONY
Allwyn Colony,Allwyn Colony
"Allwyn x
  Rds",Allwyn x Rds
AllwynCol,AllwynCol
ALWAL,ALWAL
ALWAL IG STATUE,ALWAL IG STATUE
"AMBEDKAR
  NGR",AMBEDKAR NGR
AMBEDKAR NAGAR,AMBEDKAR NAGAR
AMBERPET,AMBERPET
Amberpet,Amberpet
AMDAPOOR,AMDAPOOR
Ameerepet,Ameerepet
Ameerept,Ameerept
AMEERPET,AMEERPET
Ameerpet,Ameerpet
Ameerpet Village,Ameerpet Village
Ammuguda,Ammuguda
ANAJPOOR,ANAJPOOR
ANAJPUR/RFC,ANAJPUR/RFC
ANANDBAGH,ANANDBAGH
ANANTHARAM,ANANTHARAM
ANKIREDDYPALLY,ANKIREDDYPALLY
"ANKUSHAPUR
  GATE",ANKUSHAPUR GATE
"ANKUSHAPUR
  RLY GATE",ANKUSHAPUR RLY GATE
Annaram,Annaram
AOC,AOC
"AOC
  Gate",AOC Gate
AOC Gate,AOC Gate
Apollo,Apollo
APOLO,APOLO
Appojiguda,Appojiguda
Apuroopa Colony,Apuroopa Colony
Apuroopa Colony/JDM,Apuroopa Colony/JDM
Aramaisamma,Aramaisamma
Aramghar,Aramghar
ARUNDHATI,ARUNDHATI
ARUTLA,ARUTLA
Arutla,Arutla
AS RAO NAGAR,AS RAO NAGAR
Asbestos Colony,Asbestos Colony
Ashoknagar,Ashoknagar
ASIFNGR,ASIFNGR
Asifngr,Asifngr
ASR NGR,ASR NGR
"ASRao
  Nagar",ASRao Nagar
Athwelli,Athwelli
Attapur,Attapur
AUSHAPUR,AUSHAPUR
Aushapur,Aushapur
azianagar,azianagar
Aziznagar,Aziznagar
AZZINATANDA,AZZINATANDA
"B
  HILLS",B HILLS
B.BANDA,B.BANDA
B.BLOCKS,B.BLOCKS
B.GHAT,B.GHAT
B.HILLS,B.HILLS
B.L.Pally,B.L.Pally
B.L.pally,B.L.pally
B.L.PALLY,B.L.PALLY
B.N.Reddy,B.N.Reddy
"B.N.REDDY
  COL.",B.N.REDDY COL.
"B.N.REDDY
  COL..LBNR X RD",B.N.REDDY COL..LBNR X RD
B.N.REDDY CLY,B.N.REDDY CLY
B.N.REDDY COL.,B.N.REDDY COL.
"B.N.REDDY COL.
  YAMZAL",B.N.REDDY COL. YAMZAL
B.N.REDDY COL. LBNR,B.N.REDDY COL. LBNR
B.nagar,B.nagar
B.NAGAR,B.NAGAR
B.P.Nagar,B.P.Nagar
B.PALLY,B.PALLY
B.pet,B.pet
B.PET,B.PET
B.Pet,B.Pet
B.pura,B.pura
B.RAMARAM,B.RAMARAM
BACHARAM,BACHARAM
Bacharam,Bacharam
BACHUPALLY,BACHUPALLY
Bachupally,Bachupally
BADANGIPET,BADANGIPET
Badangipet,Badangipet
BAHADURPALLY,BAHADURPALLY
Bahadurpura,Bahadurpura
BAKARAM,BAKARAM
BAKARAM(NAGIRED,BAKARAM(NAGIRED
BALAJI NAGAR,BALAJI NAGAR
BALAJI TEMPLE,BALAJI TEMPLE
BALAJINAGAR,BALAJINAGAR
BALANAGAR,BALANAGAR
Balanagar,Balanagar
BALANAGAR/ESI,BALANAGAR/ESI
Balanagar/JBS,Balanagar/JBS
BALANAGR,BALANAGR
BALAPOOR,BALAPOOR
"Balapoor
  &quot;X&quot; Rds",Balapoor &quot;X&quot; Rds
Balapoor x Rds.,Balapoor x Rds.
BALIJAGUDA,BALIJAGUDA
Balkampet,Balkampet
Bandaravirala,Bandaravirala
Bandlaguda,Bandlaguda
BANDLAGUDA,BANDLAGUDA
"Banjara
  Hills",Banjara Hills
Banjara Hills,Banjara Hills
Banjarahills,Banjarahills
"Banjarahills
  R.No.7 &amp; Masabtank",Banjarahills R.No.7 &amp; Masabtank
Banjarahills R.No.7 &amp; Masabtank,Banjarahills R.No.7 &amp; Masabtank
BANK COLONY,BANK COLONY
BAPU GHAT,BAPU GHAT
BAPUGHAT,BAPUGHAT
BAPUJINAGAR,BAPUJINAGAR
Baratnagar,Baratnagar
BARKAS,BARKAS
Bashamoniguda,Bashamoniguda
BATA,BATA
Bata,Bata
Batasingaram,Batasingaram
Bavanicly,Bavanicly
BEERBANBAGH,BEERBANBAGH
BEGUMPET,BEGUMPET
Begumpet,Begumpet
Bela,Bela
BGPT,BGPT
BHADURPURA,BHADURPURA
Bhanur,Bhanur
BHARATHNAGAR,BHARATHNAGAR
"Bhavani
  Nagar",Bhavani Nagar
Bhel,Bhel
BHEL,BHEL
BHEL MIG,BHEL MIG
BHONGIR,BHONGIR
BHOODEVI NAGAR,BHOODEVI NAGAR
"BIBI
  NAGAR",BIBI NAGAR
Bibinagar,Bibinagar
Bibingr,Bibingr
"Bible
  House",Bible House
Bits Pilani,Bits Pilani
BKP,BKP
"BN
  Reddy",BN Reddy
BNR,BNR
BODUPPAL,BODUPPAL
Boduppal Cly,Boduppal Cly
BOGARAM,BOGARAM
Bogaram,Bogaram
BOIGUDA,BOIGUDA
BOLARAM,BOLARAM
BOLLARAM VLG,BOLLARAM VLG
Bonthapally,Bonthapally
Borabanda,Borabanda
BORABANDA,BORABANDA
Botiguda,Botiguda
Bourampet,Bourampet
BOWENPALLY,BOWENPALLY
Bowenpally,Bowenpally
BOWRAMPET,BOWRAMPET
BRAHMANPALLY,BRAHMANPALLY
BRAMHANPALLY,BRAMHANPALLY
BTC INSTT.,BTC INSTT.
Budvel,Budvel
Budvelvill,Budvelvill
Bulkapur,Bulkapur
C B S,C B S
C.C.PALLY,C.C.PALLY
C.GHAT,C.GHAT
C.MAMIDI,C.MAMIDI
C.PALLY,C.PALLY
CBS,CBS
CentralSchool,CentralSchool
Ch.gutta,Ch.gutta
CHADERGHAT,CHADERGHAT
Chaitanpuri,Chaitanpuri
Champapet,Champapet
CHAMPAPET,CHAMPAPET
Chandkhanguda,Chandkhanguda
CHANDNGR,CHANDNGR
Chandragirinagar,Chandragirinagar
Chandrayangutta,Chandrayangutta
Chandulalbaradari,Chandulalbaradari
Charminar,Charminar
CHARMINAR,CHARMINAR
Charminar/FMBS,Charminar/FMBS
Chasma,Chasma
Cheededu,Cheededu
Chengicherla,Chengicherla
CHERLAPALLY,CHERLAPALLY
"CHIKKAD
  PALLY",CHIKKAD PALLY
CHIKKADPALLY,CHIKKADPALLY
Chikkadpally,Chikkadpally
"CHIKLA
  NGR",CHIKLA NGR
CHILAKANAGAR,CHILAKANAGAR
Chilkalguda,Chilkalguda
CHILKUR,CHILKUR
"china
  kanjarla",china kanjarla
Chinaravulapally,Chinaravulapally
CHINNAMANGALARA,CHINNAMANGALARA
Chintal,Chintal
Chintalmet,Chintalmet
Chintapatla,Chintapatla
Chintulla,Chintulla
CHIPPALAPALLY,CHIPPALAPALLY
Chittapur,Chittapur
CHOTUPPAL,CHOTUPPAL
Church Cly,Church Cly
"CLK
  X RDS",CLK X RDS
CMC,CMC
CRMR,CRMR
CRPF,CRPF
Cyber Tower,Cyber Tower
Cyber Towers,Cyber Towers
D.BOWLI,D.BOWLI
D.S.N.R,D.S.N.R
DABEERPURA,DABEERPURA
DABILPUR,DABILPUR
"Dabilpur
  Station",Dabilpur Station
Dabilpura,Dabilpura
Dabilpura X Road,Dabilpura X Road
Dacharam,Dacharam
DAMMAIGUDA,DAMMAIGUDA
DANDUMAILARAM,DANDUMAILARAM
Dandumailaram,Dandumailaram
Darga,Darga
Darugula,Darugula
Darulsalam,Darulsalam
DARULSHAFA,DARULSHAFA
DARUSHAFA,DARUSHAFA
DASRLAPALLY,DASRLAPALLY
DATHPALLY,DATHPALLY
Datpally,Datpally
DATPALLY/MALL,DATPALLY/MALL
DEBBADAGUDA,DEBBADAGUDA
DESHMUKHI,DESHMUKHI
DEVARAYAMZAL,DEVARAYAMZAL
DHARMARAM,DHARMARAM
DILAWARSHAH,DILAWARSHAH
DILSHUKNAGAR,DILSHUKNAGAR
Dilshuknagar,Dilshuknagar
Dilsukhnagar,Dilsukhnagar
DILSUKHNAGAR,DILSUKHNAGAR
DILSUKHNAGR,DILSUKHNAGR
Dilsuknagar,Dilsuknagar
Dislshuknagar,Dislshuknagar
DMC,DMC
Doulatabad,Doulatabad
Doulatabad/,Doulatabad/
Doulthabad,Doulthabad
DSNR,DSNR
DSNR W.COLLEGE,DSNR W.COLLEGE
Dulapally,Dulapally
Dundigal,Dundigal
"Dundigal X
  Roads",Dundigal X Roads
Dundigal X Roads,Dundigal X Roads
Durga Estate,Durga Estate
E C I L,E C I L
E PET,E PET
E S I,E S I
E.Anandbag,E.Anandbag
E.Anandbagh,E.Anandbagh
E.Gadda,E.Gadda
E.M.PALLY,E.M.PALLY
E.S.I,E.S.I
ECIL,ECIL
ECIL X RD,ECIL X RD
ECIL X RDS,ECIL X RDS
ECIL X RDS.,ECIL X RDS.
ECIL X ROAD,ECIL X ROAD
ECIL X ROADS,ECIL X ROADS
ECIL'X'RD,ECIL'X'RD
ECIL'X'ROAD,ECIL'X'ROAD
Edulabad,Edulabad
EDULABAD,EDULABAD
ELGAPALLY TANDA,ELGAPALLY TANDA
Engine Bowli,Engine Bowli
ENKIRYAL,ENKIRYAL
ERR.CLY,ERR.CLY
Erragadda,Erragadda
ERRAGADDA,ERRAGADDA
Erramanzil,Erramanzil
ERRAMANZIL,ERRAMANZIL
ERRAMANZIL CLY,ERRAMANZIL CLY
ESI,ESI
F C I COLONY,F C I COLONY
FAKEERGUDA,FAKEERGUDA
FALAKNUMA,FALAKNUMA
Fateh Darwaza,Fateh Darwaza
Fatehnagar,Fatehnagar
"Feaver
  Hospital",Feaver Hospital
Ferozguda,Ferozguda
FILM NAGAR,FILM NAGAR
FILMNAGAR,FILMNAGAR
FM,FM
FM Bus Stn.,FM Bus Stn.
FMBS,FMBS
"G.
  Bhavan",G. Bhavan
G.BHAVAN,G.BHAVAN
G.GUDEM,G.GUDEM
G.HILLS,G.HILLS
G.Pally,G.Pally
G.PURI,G.PURI
G.TEMPLE,G.TEMPLE
Gachibowli,Gachibowli
GACHIBOWLI,GACHIBOWLI
Gaddamallaiguda,Gaddamallaiguda
Gaganpahad,Gaganpahad
Gagillapur,Gagillapur
Gajularamaram,Gajularamaram
"Gandhi
  Bhavan",Gandhi Bhavan
Gandhibhavan,Gandhibhavan
GandhiBhavan,GandhiBhavan
Gandhinagar,Gandhinagar
GANDICHERU,GANDICHERU
Gandimaisamma,Gandimaisamma
Gandimysamma,Gandimysamma
GANGAPUTRA CLY,GANGAPUTRA CLY
Gangaram,Gangaram
GATKESWAR,GATKESWAR
GATUPPAL,GATUPPAL
GAYATRI HILLS,GAYATRI HILLS
GAYATRI NAGAR,GAYATRI NAGAR
GAYTHRIHILLS,GAYTHRIHILLS
Ghanapur,Ghanapur
Ghanpur,Ghanpur
Ghatkesar,Ghatkesar
GHATKESAR,GHATKESAR
GHATKESR.ENKIRYAL,GHATKESR.ENKIRYAL
GHOUSE NAGAR,GHOUSE NAGAR
Girinagar,Girinagar
Girmapur,Girmapur
GOLKONDA,GOLKONDA
Gollapally,Gollapally
GOLNAKA,GOLNAKA
Gomaram,Gomaram
GOPALAPURAM,GOPALAPURAM
GOPULARAM,GOPULARAM
Goushala,Goushala
GOWDAVELLI,GOWDAVELLI
GOWRELLY,GOWRELLY
GP COLONY,GP COLONY
GPRA QUARTERS,GPRA QUARTERS
GREENFIELDS,GREENFIELDS
GSI,GSI
Gudur,Gudur
GUDURU VILLAGE,GUDURU VILLAGE
Gumadidala,Gumadidala
GUMMADIDALA,GUMMADIDALA
Gummadidala,Gummadidala
"Gundla
  Pochampally",Gundla Pochampally
Gungal,Gungal
Gurramaguda,Gurramaguda
H.B.Colony,H.B.Colony
H.NAGAR,H.NAGAR
"H.Nagar
  xrds",H.Nagar xrds
H.Sagar,H.Sagar
H.Tec,H.Tec
H.Tech,H.Tech
H.TECH,H.TECH
HABEEB NAGAR,HABEEB NAGAR
HABSIGUDA,HABSIGUDA
Habsiguda,Habsiguda
HAFEEZ BABA NGR,HAFEEZ BABA NGR
Hafeezpet,Hafeezpet
HAFEEZPET,HAFEEZPET
HAJIPUR,HAJIPUR
HAKEEMPET,HAKEEMPET
HAKEEMPET KUNTA,HAKEEMPET KUNTA
HAKIMPET,HAKIMPET
Hakimpet,Hakimpet
HARSHAGUDA,HARSHAGUDA
Hasannagar,Hasannagar
Hasmathpet,Hasmathpet
HASMATHPET,HASMATHPET
Hatnura,Hatnura
HAYATHNAGAR,HAYATHNAGAR
Hayatnagar,Hayatnagar
HAYATNAGAR,HAYATNAGAR
HB CLY,HB CLY
HB COLY,HB COLY
HB.Col,HB.Col
HBC,HBC
HBCol,HBCol
HCL,HCL
HCL COLY,HCL COLY
HCU,HCU
HCU CAMPUS,HCU CAMPUS
HEMA NAGAR,HEMA NAGAR
HEMANAGAR,HEMANAGAR
"Hi-Tech
  city",Hi-Tech city
HIGH COURT CLY,HIGH COURT CLY
Himayathnagar,Himayathnagar
Himayatnagar,Himayatnagar
HIMAYATNAGAR,HIMAYATNAGAR
Himayatngar,Himayatngar
Himayatsagar,Himayatsagar
Hitech,Hitech
HITECH CITY,HITECH CITY
Hitech City,Hitech City
HMT Colony,HMT Colony
HMT COLONY,HMT COLONY
HMT Hills,HMT Hills
HPT,HPT
"Huda
  cly",Huda cly
Hyderguda,Hyderguda
Hydershakote,Hydershakote
HYT,HYT
"HYT.
  LBNR DSNR",HYT. LBNR DSNR
I,I
I.PARK,I.PARK
I.S.Sadan,I.S.Sadan
I.S.SADAN,I.S.SADAN
"I.S.Sadan.Balapoor
  &quot;X&quot; Rds",I.S.Sadan.Balapoor &quot;X&quot; Rds
I.S.Sadan.L.B.Nagar,I.S.Sadan.L.B.Nagar
I.SADAN,I.SADAN
Ibhrahimpatnam,Ibhrahimpatnam
IBRAHIMPATNAM,IBRAHIMPATNAM
IBS,IBS
IDA,IDA
IDPL College,IDPL College
IDPL Colony,IDPL Colony
IMARATH,IMARATH
INBar,INBar
Indesam,Indesam
"INDIRA
  NAGAR",INDIRA NAGAR
"INDIRA
  PARK",INDIRA PARK
Indiranagar,Indiranagar
Indranagar,Indranagar
Indresam,Indresam
Inzapure,Inzapure
"Isnapur
  X Rd.",Isnapur X Rd.
IVY LEAGE,IVY LEAGE
J,J
J B S,J B S
J D M,J D M
J H,J H
J P DURGAH,J P DURGAH
J.C.Post,J.C.Post
J.GUTTA,J.GUTTA
J.H.Ch.Post,J.H.Ch.Post
J.JILLS,J.JILLS
J.P.CLY,J.P.CLY
J.P.Nagar,J.P.Nagar
J.PURI,J.PURI
J.WEST CITY,J.WEST CITY
JAGADGIRIGUTTA,JAGADGIRIGUTTA
Jagahtgirigutta,Jagahtgirigutta
JAGATGIRIGUTTA,JAGATGIRIGUTTA
Jagathgirigutaa,Jagathgirigutaa
Jagathgirigutta,Jagathgirigutta
JAIL,JAIL
Jainapally,Jainapally
JAIPUR COLONY,JAIPUR COLONY
JALPALLY,JALPALLY
JAMAL COLONY,JAMAL COLONY
JAMEOSMANIA,JAMEOSMANIA
Jamilapet,Jamilapet
JANAPRIYA,JANAPRIYA
JANAPRIYA APPTS,JANAPRIYA APPTS
Jangampet,Jangampet
JAPAL,JAPAL
Japal,Japal
JBS,JBS
JDM,JDM
JDM/BALANAGAR,JDM/BALANAGAR
JEEDIMETLA,JEEDIMETLA
Jeedimetla,Jeedimetla
Jeedimetla / BNR,Jeedimetla / BNR
JEEDIMETLA VILLAG,JEEDIMETLA VILLAG
JIAPALLY,JIAPALLY
Jinnaram,Jinnaram
JINNARAM,JINNARAM
JIYAGUDA,JIYAGUDA
JIYAPALLY,JIYAPALLY
JJ Col,JJ Col
JNTU,JNTU
JNTU`X',JNTU`X'
JODIMETLA,JODIMETLA
JP HILLS,JP HILLS
JUBILEE HILLS,JUBILEE HILLS
Jubli Hills,Jubli Hills
Jukal,Jukal
JULOOR,JULOOR
"Jumerath
  Bazar",Jumerath Bazar
K.GUDA,K.GUDA
K.Kalan,K.Kalan
K.KALAN,K.KALAN
"K.P.HB
  CLY",K.P.HB CLY
K.PALLY,K.PALLY
K.PUR,K.PUR
Kachiguda,Kachiguda
KACHIGUDA,KACHIGUDA
KACHIGUDA STN,KACHIGUDA STN
Kaitalapur,Kaitalapur
Kajaguda,Kajaguda
Kakatiynagar,Kakatiynagar
KALIMANDIR,KALIMANDIR
Kallakal,Kallakal
KALWAKOLE,KALWAKOLE
Kalyannagar,Kalyannagar
KALYANPURI,KALYANPURI
KAMAN,KAMAN
KANAKAMAMIDI,KANAKAMAMIDI
KANAPUR,KANAPUR
Kandada,Kandada
"Kandakur
  &quot;X&quot; Rds",Kandakur &quot;X&quot; Rds
Kandakur &quot;X&quot; Rds,Kandakur &quot;X&quot; Rds
KANDAKURU,KANDAKURU
Kandlakoya,Kandlakoya
KANDUKUR,KANDUKUR
"Kandukur
  x Rds.",Kandukur x Rds.
Kanukunta,Kanukunta
"KAPOL
  X ROADS",KAPOL X ROADS
KAPPAD,KAPPAD
KAPRA,KAPRA
Karanamguda,Karanamguda
Kardanur,Kardanur
KARKHANA,KARKHANA
Karmanghat,Karmanghat
KARMIKANAGAR,KARMIKANAGAR
Karmiknagar,Karmiknagar
Karwan,Karwan
Katedan,Katedan
KATEDAN L BLOCK,KATEDAN L BLOCK
Katedhan,Katedhan
KAVVADIPALLY,KAVVADIPALLY
Kavvaguda,Kavvaguda
KAZIPALLY,KAZIPALLY
KCG,KCG
"KCG
  STN",KCG STN
Keesara,Keesara
KEESARA,KEESARA
KEESARAGUTTA,KEESARAGUTTA
Kesaram,Kesaram
KESARAM,KESARAM
KESAVARAM,KESAVARAM
Keshavagiri,Keshavagiri
KESHAVAGIRI,KESHAVAGIRI
KESHAVPUR,KESHAVPUR
KETHIREDDY PALLY,KETHIREDDY PALLY
KH TEMPLE,KH TEMPLE
Khagajghat,Khagajghat
Khagazghat,Khagazghat
Khairathabad,Khairathabad
Khairtabad,Khairtabad
KHAIRTABAD,KHAIRTABAD
KHANAPUR,KHANAPUR
Kharkana,Kharkana
Kharmanghat,Kharmanghat
KHARMANGHAT,KHARMANGHAT
KILWAT,KILWAT
Kilwath,Kilwath
Kismatpura,Kismatpura
Kistaipally,Kistaipally
Kistapur,Kistapur
KKNGR,KKNGR
KLR NAGAR,KLR NAGAR
Kodakanchi,Kodakanchi
KOHEDA,KOHEDA
Koheda,Koheda
KOHEDA VILL.,KOHEDA VILL.
Kolanguda,Kolanguda
Kollapadakal,Kollapadakal
Kollur,Kollur
KOLLUR,KOLLUR
KOLTHUR,KOLTHUR
Kompally,Kompally
Kondakal,Kondakal
KONDAMADUGU,KONDAMADUGU
KONDAPUR,KONDAPUR
Kongarakalan,Kongarakalan
KONGARAKALAN,KONGARAKALAN
Korremula,Korremula
KORREMULA,KORREMULA
"Kothaguda
  x Rds.",Kothaguda x Rds.
KOTHAGUDEM,KOTHAGUDEM
KOTHAPALLI,KOTHAPALLI
Kothapally,Kothapally
KOTHAPET,KOTHAPET
Kothapet,Kothapet
KOTHAPETA DSNR,KOTHAPETA DSNR
Kothur,Kothur
Kothwalguda,Kothwalguda
KOTI,KOTI
Koti,Koti
koti,koti
"Koti
  &amp; Dilsukhnagar",Koti &amp; Dilsukhnagar
"KOTI
  HSPTL",KOTI HSPTL
KOTI (Via.ASIF),KOTI (Via.ASIF)
Koti / MGBS,Koti / MGBS
KOTI(via.V COLY),KOTI(via.V COLY)
Koti.,Koti.
KOTI/ESI,KOTI/ESI
KOTTAPETA,KOTTAPETA
KOWKUR,KOWKUR
KP,KP
KPHB,KPHB
KPHB CLY,KPHB CLY
KPHB Colony,KPHB Colony
KPHB COLONY,KPHB COLONY
KPHB COLY,KPHB COLY
KPHB IV PHASE,KPHB IV PHASE
KPHB IV PHS,KPHB IV PHS
KPHB MIG,KPHB MIG
Kudaspally,Kudaspally
KUDASPALLY,KUDASPALLY
Kukatpally,Kukatpally
KUKATPALLY,KUKATPALLY
KUKATPALLY/JNTU,KUKATPALLY/JNTU
KUNTLOOR,KUNTLOOR
KURMALAGUDA,KURMALAGUDA
KUSHAIGUDA,KUSHAIGUDA
KUSHIGUDA,KUSHIGUDA
KZ.PLY/MALM.PET,KZ.PLY/MALM.PET
"L
  HOUSE",L HOUSE
L B NAGAR,L B NAGAR
L HOUSE,L HOUSE
L POOL,L POOL
L.B.NAGAR,L.B.NAGAR
L.B.Nagar,L.B.Nagar
L.B.Nagar x Rd,L.B.Nagar x Rd
L.B.NGR,L.B.NGR
L.BAZAR,L.BAZAR
L.house,L.house
L.House,L.House
L.HOUSE,L.HOUSE
L.K.Pool,L.K.Pool
L.KUNTA,L.KUNTA
L.N.COLONY,L.N.COLONY
L.Pally,L.Pally
L.PALLY,L.PALLY
L.Poo,L.Poo
L.POOL,L.POOL
L.Pool,L.Pool
L.pool,L.pool
L.Tanda,L.Tanda
L.V.Prasad,L.V.Prasad
L/POOL,L/POOL
LAB'S QRTS,LAB'S QRTS
LAEMURU VILLAGE,LAEMURU VILLAGE
LAKDIKAPOOL,LAKDIKAPOOL
Lakdikapool,Lakdikapool
"Lakdikapool
  &amp; Abids",Lakdikapool &amp; Abids
Lakdikapool &amp; Abids,Lakdikapool &amp; Abids
LAL BAZAR,LAL BAZAR
Lalapet,Lalapet
LALAPET,LALAPET
LALBAZAR,LALBAZAR
Lalbazar,Lalbazar
"Laldarwaza
  Mode",Laldarwaza Mode
Lalitanagar,Lalitanagar
LALITHA BAGH,LALITHA BAGH
"Langer
  House",Langer House
LAXMAPUR,LAXMAPUR
Laxmapur,Laxmapur
Laxmiguda,Laxmiguda
Laxmitanda,Laxmitanda
LB NAGAR,LB NAGAR
LB.Nagar,LB.Nagar
LBNR,LBNR
LBNR DSNR,LBNR DSNR
LBNR X RD,LBNR X RD
"LBNR X RD.
  NAGOLE",LBNR X RD. NAGOLE
Lemur,Lemur
Lemuru,Lemuru
LIBERTY,LIBERTY
Liberty,Liberty
LINGAMPALLY,LINGAMPALLY
Lingampally,Lingampally
LINGAPUR,LINGAPUR
Loyapally,Loyapally
LP gudem,LP gudem
Lungarhouse,Lungarhouse
"M
  TANK",M TANK
M G B S,M G B S
M TANK,M TANK
M.DARWAJA,M.DARWAJA
M.G.B.S,M.G.B.S
M.GIRI,M.GIRI
M.Giri,M.Giri
M.giri,M.giri
M.M.KUNTA,M.M.KUNTA
M.M.T.S(HITECH),M.M.T.S(HITECH)
M.MARKET,M.MARKET
M.Market,M.Market
M.Market &amp; Afzalganj,M.Market &amp; Afzalganj
M.Market &amp; Afzalganj.,M.Market &amp; Afzalganj.
M.NAGAR,M.NAGAR
M.P,M.P
M.P.xroads,M.P.xroads
M.P/T.PARTHY,M.P/T.PARTHY
M.PATNAM,M.PATNAM
M.PUR,M.PUR
"M.R.O
  office",M.R.O office
M.R.O.OFFICE,M.R.O.OFFICE
M.TANK,M.TANK
MADAPUR,MADAPUR
Madapur,Madapur
Madaram,Madaram
Madhapur,Madhapur
"Madhubal
  cly",Madhubal cly
Madhubancolony,Madhubancolony
Madina,Madina
Maheahwaram,Maheahwaram
Maheshwaram,Maheshwaram
MAHESWARAM,MAHESWARAM
Majeedpur,Majeedpur
MAJEEDPUR,MAJEEDPUR
Makta,Makta
Maktha,Maktha
MALAGUDA,MALAGUDA
malakpet,malakpet
Malakpet,Malakpet
"Malasia
  Township",Malasia Township
Malkajgiri,Malkajgiri
Malkapur,Malkapur
MALKARAM,MALKARAM
Mall,Mall
Mallampet,Mallampet
MALLAPALLY,MALLAPALLY
Mallapur,Mallapur
MALLAPUR,MALLAPUR
Mallepally,Mallepally
MAMIDIPALLY,MAMIDIPALLY
Manachal,Manachal
Manchal,Manchal
Mangalpally,Mangalpally
MANIKCHAND,MANIKCHAND
Manikyammaguda,Manikyammaguda
MANNYAGUDA,MANNYAGUDA
Mansanpally,Mansanpally
Mansoorabad,Mansoorabad
Manyaguda,Manyaguda
Marriguda,Marriguda
MARRIPALLY,MARRIPALLY
MARUTHI NAGAR,MARUTHI NAGAR
Maruthinagar,Maruthinagar
Masab Tank,Masab Tank
Masabtank,Masabtank
MASABTANK,MASABTANK
Maszid,Maszid
MB DARGA,MB DARGA
MC PALLY,MC PALLY
MDCL,MDCL
MDLINES,MDLINES
Medchal,Medchal
MEDICITI,MEDICITI
Medipally,Medipally
Meerkhanpet,Meerkhanpet
MEERKHANPET,MEERKHANPET
Meerpet,Meerpet
MEHADIPATNAM,MEHADIPATNAM
MEHDHIPATNAM,MEHDHIPATNAM
Mehdipatnam,Mehdipatnam
MEHDIPATNAM,MEHDIPATNAM
MEHIDIPATNAM,MEHIDIPATNAM
Mekaguda,Mekaguda
METTUGUDA,METTUGUDA
Mettuguda,Mettuguda
MG NAGAR,MG NAGAR
MGBS,MGBS
MGBS/W.COLL,MGBS/W.COLL
"Mind
  Space",Mind Space
Mindspace,Mindspace
Ministerroad,Ministerroad
"Misri
  gunj",Misri gunj
MIYAPUR,MIYAPUR
Miyapur,Miyapur
MLA CLY,MLA CLY
Moinabad,Moinabad
MOKILA,MOKILA
Mondigowrelly,Mondigowrelly
MOOSAPET,MOOSAPET
Moosapet,Moosapet
MOOSARAMBAGH,MOOSARAMBAGH
Moospaet,Moospaet
Moospet,Moospet
MOTHIDARWAJA,MOTHIDARWAJA
MOTHUKPALLY,MOTHUKPALLY
MOULALI,MOULALI
Moulali,Moulali
MP,MP
"MP
  depot",MP depot
MP X RD,MP X RD
MP X Roads,MP X Roads
MSRD,MSRD
MT Bund,MT Bund
Muchintal,Muchintal
MUDFORD,MUDFORD
MUDFORT,MUDFORT
Mudvin,Mudvin
Muknur,Muknur
Muthangi,Muthangi
MY.VANAM,MY.VANAM
MYP,MYP
MYP `X'RDS,MYP `X'RDS
MYP`X' Rds.,MYP`X' Rds.
Mysamma,Mysamma
MYSIREDDYPALLI,MYSIREDDYPALLI
N.Guda,N.Guda
N.M.NGR,N.M.NGR
"N.Met x
  Rds",N.Met x Rds
N.MET'X',N.MET'X'
N.MetxRds,N.MetxRds
N.Nagar,N.Nagar
N.PALLY,N.PALLY
N.R.METXR,N.R.METXR
NAARM,NAARM
Nacharam,Nacharam
NACHARAM,NACHARAM
NACHARAN,NACHARAN
Nacharram,Nacharram
NADARGUL,NADARGUL
Nadargul,Nadargul
NADERGUL,NADERGUL
Nagaram,Nagaram
NAGARAM,NAGARAM
Nagireddpally,Nagireddpally
NAGIREDDYPALLY,NAGIREDDYPALLY
NAGOLE,NAGOLE
Nagole,Nagole
"NAGOLE
  KOTHAPETA",NAGOLE KOTHAPETA
"Nagole x
  Rds",Nagole x Rds
Nagulapally,Nagulapally
NAGULUR,NAGULUR
Nainampally,Nainampally
NAKKALAPALLY,NAKKALAPALLY
Nalagandla,Nalagandla
Nallakunt,Nallakunt
Nallakunta,Nallakunta
NALLAKUNTA,NALLAKUNTA
Nalthur,Nalthur
NAMPALLY,NAMPALLY
Nampally,Nampally
Nanajipur,Nanajipur
NANAKNAGAR,NANAKNAGAR
NANAKRAMGUDA,NANAKRAMGUDA
Nanalnagr,Nanalnagr
NANDI NAGAR,NANDI NAGAR
Nandigama,Nandigama
Nandimusliaguda,Nandimusliaguda
NANDINAGAR,NANDINAGAR
"NARA
  PALLY",NARA PALLY
NARAPALLY,NARAPALLY
NARAYANAPUR,NARAYANAPUR
NARAYANGUDA,NARAYANGUDA
Narayanpur,Narayanpur
NARAYANPUR,NARAYANPUR
Narsapur,Narsapur
NARSAPUR,NARSAPUR
Narsing,Narsing
NARSING,NARSING
NARSINGI,NARSINGI
NBT NAGAR,NBT NAGAR
NCC,NCC
"NECLACE
  RD",NECLACE RD
NEKNAMPUR,NEKNAMPUR
Neredmet,Neredmet
Nerrapally,Nerrapally
NERRAPALLY,NERRAPALLY
NFC Nagar,NFC Nagar
NGO COLONY,NGO COLONY
NGO'S CLNY,NGO'S CLNY
NGO'S Colony,NGO'S Colony
NGRI,NGRI
NILOFER,NILOFER
NIMS,NIMS
NIRMAL NGR,NIRMAL NGR
Nirmalnagar,Nirmalnagar
Nizampet,Nizampet
"Nlg
  x Rds.",Nlg x Rds.
NLG &quot;X&quot; Rds,NLG &quot;X&quot; Rds
"NLG X
  RD",NLG X RD
"NLG X
  ROADS",NLG X ROADS
NLG X RD,NLG X RD
NLG X RD.,NLG X RD.
Nlg x Rds.,Nlg x Rds.
"Nlg.x
  rds",Nlg.x rds
"Nlg.x
  Rds",Nlg.x Rds
"Nlg.x
  Rds.",Nlg.x Rds.
"Nlg.x
  rds.",Nlg.x rds.
Nlg.x rds,Nlg.x rds
Nlg.x Rds,Nlg.x Rds
NMNGR,NMNGR
NTR NAGAR,NTR NAGAR
NTRNAGA,NTRNAGA
Nutankal,Nutankal
NUTANKAL,NUTANKAL
"Old
  Alwal",Old Alwal
"Old
  S.Guda",Old S.Guda
OLD ALWAL,OLD ALWAL
Old Bowenpally,Old Bowenpally
OLD BOWENPALLY,OLD BOWENPALLY
Old bowenpally &amp; Patny,Old bowenpally &amp; Patny
OLD MLA QRTS,OLD MLA QRTS
Ootla,Ootla
Ord.Factory,Ord.Factory
OSMAN SAGAR,OSMAN SAGAR
OSMANGUNJ,OSMANGUNJ
Osmansagar,Osmansagar
OSMANSAGAR,OSMANSAGAR
OU,OU
OUC,OUC
P.AMBERPETA,P.AMBERPETA
P.C.PALLY,P.C.PALLY
P.C.TANDA,P.C.TANDA
P.GUTTA,P.GUTTA
P.Gutta,P.Gutta
P.Nagar,P.Nagar
P.OFFICE,P.OFFICE
P.PALLY,P.PALLY
P.S.GARDEN,P.S.GARDEN
PADMARAONAGAR,PADMARAONAGAR
Padmaraonagar,Padmaraonagar
Pahadi,Pahadi
PAHADI SHARIF,PAHADI SHARIF
Pahadishareef,Pahadishareef
Pahadisharif,Pahadisharif
Panama,Panama
PANJAGUTTA,PANJAGUTTA
Panjaguuta,Panjaguuta
Panyal/Konyal,Panyal/Konyal
PARADISE,PARADISE
Paradise,Paradise
"Paradise
  &amp; Patny",Paradise &amp; Patny
Paradise &amp; Patny,Paradise &amp; Patny
Parsigutta,Parsigutta
PARVATH NAGAR,PARVATH NAGAR
PARWATHAPUR,PARWATHAPUR
"PARWATHAPUR.PRATAP
  SINGARAM",PARWATHAPUR.PRATAP SINGARAM
PASUMAMULA,PASUMAMULA
PATANCHERU,PATANCHERU
Patancheru,Patancheru
PATANCHERUVU,PATANCHERUVU
Patelguda,Patelguda
PATELGUDA,PATELGUDA
Patelnagar,Patelnagar
Pati,Pati
PATNCHERU,PATNCHERU
Patny,Patny
Patny / Moospaet,Patny / Moospaet
PEDDAMANGALARA,PEDDAMANGALARA
Peddatundla,Peddatundla
"PENSION
  OFFICE",PENSION OFFICE
Phahadishareef,Phahadishareef
"Picture
  House",Picture House
PIGLIPURAM,PIGLIPURAM
PILAIPALY,PILAIPALY
PILLAIPALLY,PILLAIPALLY
Pochampally,Pochampally
POCHARAM,POCHARAM
Pocharam,Pocharam
polkampally,polkampally
PONNAL,PONNAL
Poodur,Poodur
POODUR,POODUR
PORANDLA,PORANDLA
Potharam,Potharam
Pragatinagar,Pragatinagar
PRAGATINAGAR,PRAGATINAGAR
"PRASANTH
  NAGAR",PRASANTH NAGAR
PRASANTH NAGAR,PRASANTH NAGAR
Prasanthnagar,Prasanthnagar
PRASHANTHI NAGAR,PRASHANTHI NAGAR
Pratapsingaram,Pratapsingaram
PRGATINAGAR,PRGATINAGAR
PTC,PTC
Punjagutta,Punjagutta
PUNJAGUTTA,PUNJAGUTTA
PUPAL GUDA,PUPAL GUDA
PUPALGUDA,PUPALGUDA
PUPPAL GUDA,PUPPAL GUDA
PUPPALGUDA,PUPPALGUDA
Puranapool,Puranapool
Quba Colony,Quba Colony
Qutbullapur,Qutbullapur
Qutubullapur,Qutubullapur
R N REDDY NAGAR,R N REDDY NAGAR
R R Nagar,R R Nagar
R.BAVI,R.BAVI
R.BAZAR,R.BAZAR
R.C.Pur,R.C.Pur
R.COURSE,R.COURSE
R.K.Puram,R.K.Puram
R.L.PALLY,R.L.PALLY
R.N.REDDY,R.N.REDDY
R.nagar,R.nagar
R.PALLY,R.PALLY
R.PUR,R.PUR
RACHALOORU,RACHALOORU
Rachalooru,Rachalooru
Rachalur,Rachalur
Radhika,Radhika
Rahmathnagar,Rahmathnagar
RAILAPUR,RAILAPUR
Railapur,Railapur
Raipole,Raipole
Raj Bhavan Road,Raj Bhavan Road
RAJBHAVAN,RAJBHAVAN
Rajendranagar,Rajendranagar
Rajivnagar,Rajivnagar
Raju Colony,Raju Colony
RAMANTAPUR,RAMANTAPUR
Ramanthapur,Ramanthapur
RAMANTHAPUR,RAMANTHAPUR
RAMDASPALLY,RAMDASPALLY
Ramdaspally,Ramdaspally
Ramkoti,Ramkoti
RAMNAGAR,RAMNAGAR
Ramnagar,Ramnagar
RAMPALLY,RAMPALLY
Rangapur,Rangapur
RANIGUNJ,RANIGUNJ
RAVALKOL,RAVALKOL
RAVALKOL THANDA,RAVALKOL THANDA
Raviral,Raviral
Ravirala,Ravirala
RBT,RBT
Rd.12,Rd.12
Rd.No.10,Rd.No.10
RGI AIRPORT,RGI AIRPORT
RGIA,RGIA
RINGROAD,RINGROAD
RISALA BAZAR,RISALA BAZAR
Risalabazar,Risalabazar
Riyasat Ngr,Riyasat Ngr
RJNR,RJNR
RK Puram,RK Puram
RKP RYTHU BAZAR,RKP RYTHU BAZAR
RNG,RNG
RNREDDY,RNREDDY
Rodamestynagar,Rodamestynagar
"RR
  NAGAR",RR NAGAR
RTC,RTC
"RTC
  Col",RTC Col
"RTC
  COL.",RTC COL.
"RTC
  COLY",RTC COLY
"RTC
  X RD",RTC X RD
"RTC
  X ROADS",RTC X ROADS
RTC COLONY,RTC COLONY
RTC Colony,RTC Colony
"RTC X
  RD",RTC X RD
"RTC X
  RDS",RTC X RDS
"RTC x
  Rds",RTC x Rds
"RTC X
  Road",RTC X Road
RTC X RD,RTC X RD
RTC X Rds,RTC X Rds
RTC x Rds,RTC x Rds
RTC x Rds.,RTC x Rds.
"RTC&quot;X&quot;
  Rds",RTC&quot;X&quot; Rds
RTC.COL.LBNR,RTC.COL.LBNR
RTCxRds,RTCxRds
S.BAGH,S.BAGH
S.Bazar,S.Bazar
S.COLONY,S.COLONY
S.E.PARK,S.E.PARK
S.Guda,S.Guda
S.Mutt,S.Mutt
S.N.PURAM,S.N.PURAM
S.N.PURI,S.N.PURI
S.NAGAR,S.NAGAR
S.P.Nagar,S.P.Nagar
S.R.Nagar,S.R.Nagar
S.Sadan,S.Sadan
S.STATE,S.STATE
S.TOMBS,S.TOMBS
Safilguda,Safilguda
SAFILGUDA,SAFILGUDA
"Sagar x
  Rd",Sagar x Rd
"Sagar x
  Rds",Sagar x Rds
SAGAR X RDS,SAGAR X RDS
SagarxRd,SagarxRd
SAHARA ESTATE,SAHARA ESTATE
SAHEBNAGAR,SAHEBNAGAR
Saibabanagar,Saibabanagar
SAIDABAD,SAIDABAD
SAIDABAD COL,SAIDABAD COL
Sainagar,Sainagar
Sainikpuri,Sainikpuri
SAIREDDYGUDA,SAIREDDYGUDA
Salala,Salala
Samata,Samata
SANATH NAGAR,SANATH NAGAR
Sanathnagar,Sanathnagar
SANATHNAGAR,SANATHNAGAR
SANGEET,SANGEET
SANGHI NAGAR,SANGHI NAGAR
SANGHI NGR,SANGHI NGR
Santhamrai,Santhamrai
SANTHOSH NAGAR,SANTHOSH NAGAR
Sarikonda,Sarikonda
"SAROOR
  NAGAR",SAROOR NAGAR
"Saroor
  nagar",Saroor nagar
SAROOR NAGAR,SAROOR NAGAR
SAROORNAGAR,SAROORNAGAR
Saroornagar,Saroornagar
Sastripuram,Sastripuram
Satamrai,Satamrai
Satyanagar,Satyanagar
SBICOLO,SBICOLO
SC'BAD,SC'BAD
SD,SD
"SD
  Hospital",SD Hospital
Sec'bad,Sec'bad
SEC'BAD,SEC'BAD
SEC'BAD STN,SEC'BAD STN
SEC'STN,SEC'STN
"SEC,BAD","SEC,BAD"
SEC-STN,SEC-STN
SECBAD,SECBAD
Secbad/Sanathnagar,Secbad/Sanathnagar
Secretariat,Secretariat
Sectt,Sectt
Sectt.,Sectt.
SECUNDERABAD,SECUNDERABAD
Secunderabad,Secunderabad
Secunderabad/CBS,Secunderabad/CBS
SELECT,SELECT
"Shahin
  Nagar",Shahin Nagar
Shaikpet,Shaikpet
SHAIKPET,SHAIKPET
SHAKTI SAI NAGAR,SHAKTI SAI NAGAR
Shalibanda,Shalibanda
SHALIBANDA,SHALIBANDA
Shameerpet,Shameerpet
SHAMIRPET,SHAMIRPET
Shamsabad,Shamsabad
SHAMSHABAD,SHAMSHABAD
Shamshabad,Shamshabad
Shamshiguda,Shamshiguda
SHANKARMUTT,SHANKARMUTT
Shankarmutte,Shankarmutte
Shankerpally,Shankerpally
SHANTHI NGR,SHANTHI NGR
SHANTHINAGAR,SHANTHINAGAR
SHANTI NAGAR,SHANTI NAGAR
Shantinagar,Shantinagar
Shapurnagar,Shapurnagar
SHEIKPET,SHEIKPET
SHENOY,SHENOY
Shilparamam,Shilparamam
SHIVAM,SHIVAM
Shivanagar,Shivanagar
SHIVANNAGUDA,SHIVANNAGUDA
SIDDAPUR,SIDDAPUR
Sikh,Sikh
Sikh Village,Sikh Village
SIKINDLAPUR,SIKINDLAPUR
Singaram,Singaram
Sitarambagh,Sitarambagh
Sitharambagh,Sitharambagh
Sivam,Sivam
sivapampally,sivapampally
Sivarampally,Sivarampally
Skandagiri,Skandagiri
SNC,SNC
SNG,SNG
SNG/BALANAGAR,SNG/BALANAGAR
Solakpally,Solakpally
Solipet,Solipet
SOMARAM,SOMARAM
SRI SAI NGR,SRI SAI NGR
Srinagar,Srinagar
"Srinagar
  Col",Srinagar Col
Srinagar Colony,Srinagar Colony
Srinagarcolony,Srinagarcolony
Srinivas Nagar,Srinivas Nagar
SRIRAM NAGAR,SRIRAM NAGAR
Sriram Nagar,Sriram Nagar
Sriramnagar,Sriramnagar
Srirangavaram,Srirangavaram
SRNR,SRNR
ST.NO.8,ST.NO.8
Statehome,Statehome
Station,Station
STN,STN
Subash Nagar,Subash Nagar
Subashnagar,Subashnagar
Subashnagar/P Temple,Subashnagar/P Temple
Suchitra,Suchitra
SUCHITRA,SUCHITRA
Suchitram,Suchitram
Sultanpally,Sultanpally
Suraram,Suraram
Suraram Colony,Suraram Colony
Suraram Village,Suraram Village
Suraram X Roads,Suraram X Roads
SURYA NAGAR,SURYA NAGAR
SUSHMA,SUSHMA
Sutariguda,Sutariguda
"SYED
  NAGAR",SYED NAGAR
SYED NAGAR,SYED NAGAR
T.BUND,T.BUND
T.CHOUKI,T.CHOUKI
T.Giri,T.Giri
T.P.COL,T.P.COL
T.PALLY,T.PALLY
T.V.Tower,T.V.Tower
Tadban,Tadban
Tadbund,Tadbund
TADBUND,TADBUND
Tadbund &amp; Patny,Tadbund &amp; Patny
TADIPARTHY,TADIPARTHY
TALLAGADA,TALLAGADA
Tallagadda,Tallagadda
TALLAGADDA,TALLAGADDA
Tallaguda,Tallaguda
TANGATUR,TANGATUR
TANGUTOR,TANGUTOR
Tank Bund,Tank Bund
Taranaka,Taranaka
TARNAKA,TARNAKA
Tarnaka,Tarnaka
TEEGALKUNTA,TEEGALKUNTA
Tellapur,Tellapur
Tenugudem,Tenugudem
THARAMATIPET,THARAMATIPET
THATTI ANNARAM,THATTI ANNARAM
THATTIANNARAM,THATTIANNARAM
THIMMAIPALLY,THIMMAIPALLY
THORROOR,THORROOR
THORRUR,THORRUR
THUMKUNTA,THUMKUNTA
"TILAK
  NGR",TILAK NGR
TILAKNAGAR,TILAKNAGAR
TIMMAPUR,TIMMAPUR
Tippaiguda,Tippaiguda
TIPPAIGUDA,TIPPAIGUDA
TNK,TNK
TOLI CHOWKI,TOLI CHOWKI
TOLICHOUKI,TOLICHOUKI
TOLICHOWKI,TOLICHOWKI
Trimulgherry,Trimulgherry
TUKARAMGATE,TUKARAMGATE
Tukkuguda,Tukkuguda
Tukkugyda,Tukkugyda
Tumkunta,Tumkunta
Tummalur,Tummalur
TURKAPALLI,TURKAPALLI
TURKAPALLY,TURKAPALLY
"TV
  STUDIO",TV STUDIO
UDAY NAGAR,UDAY NAGAR
UDDAMARRI,UDDAMARRI
UPL,UPL
"UPL
  X",UPL X
"Upl x
  Rd",Upl x Rd
"UPL X
  ROADS",UPL X ROADS
Upl x Rds.,Upl x Rds.
UPLxRd,UPLxRd
UPLxRds,UPLxRds
Uppal,Uppal
UPPAL,UPPAL
"UPPAL
  DEPOT",UPPAL DEPOT
"UPPAL
  DEPOT.JODMETLA X RD",UPPAL DEPOT.JODMETLA X RD
"UPPAL &quot;X&quot;
  RDS",UPPAL &quot;X&quot; RDS
UPPAL DEPOT,UPPAL DEPOT
"UPPAL X
  RD",UPPAL X RD
UPPAL X RD,UPPAL X RD
UPPAL x Rds,UPPAL x Rds
UPPAL X RDS,UPPAL X RDS
UPPALXRD,UPPALXRD
UPPARGUDA,UPPARGUDA
UPPARPALLY,UPPARPALLY
Upparpally,Upparpally
upperpally,upperpally
Upperpally PONNAL,Upperpally PONNAL
UPPUGUDA,UPPUGUDA
USB X RDS,USB X RDS
V V COLONY,V V COLONY
V.BURG PARK,V.BURG PARK
V.PURAM,V.PURAM
Vadigapally,Vadigapally
Vaidehi Nagar,Vaidehi Nagar
vaidehi Nagar,vaidehi Nagar
VAMPUGUDA,VAMPUGUDA
VANASTHALIPURAM,VANASTHALIPURAM
VASANTNAGAR,VASANTNAGAR
Vattepally,Vattepally
Vavilala,Vavilala
VAYAS NAGAR,VAYAS NAGAR
VBIT,VBIT
VBIT PARK,VBIT PARK
VBIT Park,VBIT Park
VELDURTHI,VELDURTHI
Velemela,Velemela
VELIMINEDU,VELIMINEDU
Veliminedu,Veliminedu
VEN.BERG IT PARK,VEN.BERG IT PARK
Vengalraonagar,Vengalraonagar
VENKATAPUR,VENKATAPUR
VENKATAPURAM,VENKATAPURAM
Venkatgiri,Venkatgiri
VENKATREDDY NAG,VENKATREDDY NAG
Venkatreddy Nagar,Venkatreddy Nagar
VIDYANAGAR,VIDYANAGAR
Vidyanagar,Vidyanagar
Vivek Nagar,Vivek Nagar
VNCOLONY,VNCOLONY
VR NAgar,VR NAgar
VR Nagar,VR Nagar
VST,VST
VVNGR,VVNGR
W'COLLEGE,W'COLLEGE
W'GUDA,W'GUDA
W.C.,W.C.
W.COL.,W.COL.
W.COLLEG,W.COLLEG
W.College,W.College
w.college,w.college
W.COLLEGE,W.COLLEGE
"W.College.RTC
  &quot;X&quot; Rds",W.College.RTC &quot;X&quot; Rds
W.College.Sec'bad,W.College.Sec'bad
Warasiguda,Warasiguda
WEST VENKATAPUR,WEST VENKATAPUR
WIPRO,WIPRO
Y.Checkpost,Y.Checkpost
Y.G.PALLY,Y.G.PALLY
Y.Guda,Y.Guda
Yacharam,Yacharam
YACHARAM,YACHARAM
YADAGIRI GUTTA,YADAGIRI GUTTA
YAMJAL,YAMJAL
YAMNAMPET,YAMNAMPET
YAMZAL,YAMZAL
"Yamzal x
  Rd",Yamzal x Rd
Yamzal x Rd,Yamzal x Rd
YAPRAL,YAPRAL
Yapral,Yapral
Yelkaguda,Yelkaguda
Yellampet,Yellampet
YENKAPALLY,YENKAPALLY
YMCA,YMCA
YOUSUFGUDA,YOUSUFGUDA
Yousufguda,Yousufguda
"Yousufguda
  Basthi",Yousufguda Basthi
YUSUFGUDA,YUSUFGUDA
"ZINDA
  TILISMATH",ZINDA TILISMATH
Zoo,Zoo
"Zoo
  Park",Zoo Park
"Zoo
  park",Zoo park
ZOO PARK,ZOO PARK
ZOOPARK,ZOOPARK
Zoopark,Zoopark
